split,selected_method,selected_dice_mean,selected_precision_mean,selected_recall_mean,v2_lcc_dice_mean,v2_raw_dice_mean,delta_selected_vs_v2_lcc,delta_selected_vs_v2_raw
dev,v2_lcc_fillholes,0.6045440549870523,0.6244800415252277,0.669847035788341,0.5999463707201482,0.5660918707772874,0.004597684266904101,0.03845218420976493
test,v2_lcc_fillholes,0.5627923843822406,0.5837870279042181,0.635423791249129,0.559650588571942,0.5508080745281706,0.0031417958102984977,0.011984309854069952
