method,group,n,v1_lcc_dice_mean,v1_lcc_dice_median,v1_lcc_dice_std,v1_lcc_pred_to_gt_vol_ratio_mean,v1_lcc_pred_to_gt_vol_ratio_median,v1_lcc_pred_to_gt_vol_ratio_std,v1_lcc_theoretical_max_dice_by_volume_ratio_mean,v1_lcc_theoretical_max_dice_by_volume_ratio_median,v1_lcc_theoretical_max_dice_by_volume_ratio_std,v1_lcc_dice_utilization_of_volume_bound_mean,v1_lcc_dice_utilization_of_volume_bound_median,v1_lcc_dice_utilization_of_volume_bound_std,v1_lcc_dice_gap_to_volume_bound_mean,v1_lcc_dice_gap_to_volume_bound_median,v1_lcc_dice_gap_to_volume_bound_std,gt_vol_cm3_mean,gt_vol_cm3_median,gt_vol_cm3_std
v1_lcc,near_volume_bound,298,0.7634176920872561,0.7795221925615,0.10090292200064091,1.1390276075712922,1.085546935035545,0.44507654366741417,0.8486244991648948,0.874370550185479,0.11229974003797318,0.9009767456625798,0.9040924511419461,0.048073818794923125,0.08520680707763861,0.08270546770403359,0.04388026858212553,24.473710896883127,11.468445632803684,34.291915556833644
v1_lcc,mixed_volume_and_spatial_error,103,0.5052131231930674,0.5645402341019591,0.2518250737180621,1.25446389861261,1.093538804307464,0.5627196988028641,0.8196546522025698,0.8766944308345582,0.14392540151623165,0.5908542863886576,0.7182526616178245,0.2745421738818139,0.31444152900950223,0.25443006518456235,0.1654540253032922,36.06664380731573,13.249447288803756,62.77394393786467
v1_lcc,volume_ratio_limits_dice,100,0.18246018172689404,0.13944366464696376,0.17839928622199755,7.754188470348758,3.7966778687236538,14.192477232837831,0.3160661767803845,0.3419492388819143,0.149151171744273,0.5611803054466233,0.806445920012464,0.43086002659110223,0.13360599505349047,0.05959085708451335,0.15095011639715772,27.713332052660533,4.686476620968769,69.39356129520081
v1_lcc,spatial_or_boundary_mismatch_beyond_volume,25,0.055619114509404925,0.0,0.13383548789383354,1.190396559890125,1.258955223880597,0.30095442171675907,0.866115581037414,0.8619520160783821,0.07152946200892135,0.06413870391398727,0.0,0.15581328102946432,0.8104964665280092,0.834805890227577,0.15057693552019796,14.638162064468416,7.688941228506155,16.750998226065565
