method,group,n,v2_raw_dice_mean,v2_raw_dice_median,v2_raw_dice_std,v2_raw_pred_to_gt_vol_ratio_mean,v2_raw_pred_to_gt_vol_ratio_median,v2_raw_pred_to_gt_vol_ratio_std,v2_raw_theoretical_max_dice_by_volume_ratio_mean,v2_raw_theoretical_max_dice_by_volume_ratio_median,v2_raw_theoretical_max_dice_by_volume_ratio_std,v2_raw_dice_utilization_of_volume_bound_mean,v2_raw_dice_utilization_of_volume_bound_median,v2_raw_dice_utilization_of_volume_bound_std,v2_raw_dice_gap_to_volume_bound_mean,v2_raw_dice_gap_to_volume_bound_median,v2_raw_dice_gap_to_volume_bound_std,gt_vol_cm3_mean,gt_vol_cm3_median,gt_vol_cm3_std
v2_raw,near_volume_bound,248,0.7273722203852205,0.7466928924496394,0.10812482705094356,1.3251110501670416,1.2459903359845146,0.5294569349435904,0.81405573449782,0.8352051127945708,0.12317802014190564,0.8951184590422386,0.9024220646287953,0.04753381751011141,0.08668351411259942,0.08285739667457304,0.04346926163438465,24.185967978410773,11.563412283408873,29.783507565964538
v2_raw,volume_ratio_limits_dice,136,0.26010069673873254,0.2793752355308685,0.14380975642435612,8.888817168969535,3.9331128377521005,16.677336631360536,0.334191721369728,0.36524017684527654,0.14972039641018506,0.7739811897866654,0.8721039242231603,0.24397135847425913,0.07409102463099546,0.04603909225906799,0.08515762608759933,20.540334202818798,4.850408793306633,59.41133450617644
v2_raw,mixed_volume_and_spatial_error,126,0.5646619179071984,0.5759035114990567,0.14819812479205619,1.2399621828623342,1.084983368813331,0.5432667010735434,0.8212446821439803,0.8375765623052842,0.13375303806981223,0.6824583317618965,0.7210081301747588,0.1287355809351172,0.2565827642367819,0.232506095836796,0.094449593154798,34.6548427970832,17.42388930546032,49.76690127762183
v2_raw,spatial_or_boundary_mismatch_beyond_volume,16,0.3278602335698735,0.3587699057966406,0.1434871660406891,1.030659609734069,0.9699856141111363,0.3587731488231793,0.8429850836669601,0.8342629294433449,0.0743186988051587,0.3980917310489876,0.39529976000675204,0.19037745756759317,0.5151248500970866,0.5068622160972509,0.18692913690108706,61.700107102546546,13.01932332427298,118.15308766256675
