method,group,n,v1_raw_dice_mean,v1_raw_dice_median,v1_raw_dice_std,v1_raw_pred_to_gt_vol_ratio_mean,v1_raw_pred_to_gt_vol_ratio_median,v1_raw_pred_to_gt_vol_ratio_std,v1_raw_theoretical_max_dice_by_volume_ratio_mean,v1_raw_theoretical_max_dice_by_volume_ratio_median,v1_raw_theoretical_max_dice_by_volume_ratio_std,v1_raw_dice_utilization_of_volume_bound_mean,v1_raw_dice_utilization_of_volume_bound_median,v1_raw_dice_utilization_of_volume_bound_std,v1_raw_dice_gap_to_volume_bound_mean,v1_raw_dice_gap_to_volume_bound_median,v1_raw_dice_gap_to_volume_bound_std,gt_vol_cm3_mean,gt_vol_cm3_median,gt_vol_cm3_std
v1_raw,near_volume_bound,238,0.7269747048906267,0.7431524104448335,0.10632287113497725,1.3330378327094903,1.2530397811936866,0.5269152015212103,0.8142344681737327,0.8336150213404507,0.12216689445549783,0.894613086962928,0.9021041343011316,0.04727880060149801,0.08725976328310606,0.08306126925853813,0.04337485796405331,24.929610383504837,12.150597705554672,30.154232143708757
v1_raw,volume_ratio_limits_dice,146,0.27329378987883524,0.29642874145205567,0.1480722089917661,9.247415244192123,3.8265251317937405,19.127215070262828,0.34368225629237537,0.38098208269635025,0.15504714930329597,0.7882197489060856,0.877795789803015,0.23467403579432816,0.07038846641354007,0.04772033259658007,0.07995704028577429,19.709940896502236,4.850408793306633,57.45723345241894
v1_raw,mixed_volume_and_spatial_error,124,0.5552229422161556,0.5777525835178884,0.16077818053664497,1.300282151015431,1.1131464753453975,0.56525498910679,0.820608710841537,0.8395624882366698,0.13973412996479948,0.6696629745836475,0.7153913643914054,0.14510861890949142,0.26538576862538116,0.2398256301167444,0.1033339067018244,35.786663368137916,17.300377728103193,51.18760465894205
v1_raw,spatial_or_boundary_mismatch_beyond_volume,18,0.3400379335115356,0.355159351257809,0.13167222318357194,1.0116432491674603,0.9063394899887669,0.3242708992442736,0.8497545132658388,0.8434114171768154,0.05920316704236656,0.40584474395183945,0.41216962107848437,0.16776829591675652,0.5097165797543032,0.4938694790973086,0.16162976115559238,49.82625091610432,13.01932332427298,109.73006172681582
