method,group,n,v2_lcc_dice_mean,v2_lcc_dice_median,v2_lcc_dice_std,v2_lcc_pred_to_gt_vol_ratio_mean,v2_lcc_pred_to_gt_vol_ratio_median,v2_lcc_pred_to_gt_vol_ratio_std,v2_lcc_theoretical_max_dice_by_volume_ratio_mean,v2_lcc_theoretical_max_dice_by_volume_ratio_median,v2_lcc_theoretical_max_dice_by_volume_ratio_std,v2_lcc_dice_utilization_of_volume_bound_mean,v2_lcc_dice_utilization_of_volume_bound_median,v2_lcc_dice_utilization_of_volume_bound_std,v2_lcc_dice_gap_to_volume_bound_mean,v2_lcc_dice_gap_to_volume_bound_median,v2_lcc_dice_gap_to_volume_bound_std,gt_vol_cm3_mean,gt_vol_cm3_median,gt_vol_cm3_std
v2_lcc,near_volume_bound,305,0.768116275184653,0.7817935479146069,0.09912275552964266,1.0992078637311142,1.0464210841569332,0.42698185265659194,0.8514337525603144,0.8800517618952817,0.11262494612236036,0.9040245444157078,0.9084507042253521,0.048860246249185446,0.08331747737566139,0.07866999891339777,0.04556751710404461,24.217213933523276,11.455126385882677,33.961025124874965
v2_lcc,volume_ratio_limits_dice,100,0.18516324323987998,0.15066857778052933,0.18123573752486563,7.111003915743499,3.4243470753751706,12.73810380528419,0.3229780131680146,0.3413485380009659,0.14851019115576902,0.5445996230031569,0.8023403208176672,0.43569006754654893,0.13781476992813463,0.064580440145453,0.15225688340552637,28.020519083370164,4.860790873384758,69.33117937969308
v2_lcc,mixed_volume_and_spatial_error,97,0.4861134866682939,0.5615134129322376,0.26093610495382713,1.279155526461565,1.1187209793161672,0.5591450531326413,0.8129978921838058,0.8393558816214872,0.1401855762574208,0.5718782605344674,0.7122010147378594,0.2916189672781194,0.3268844055155119,0.253832418045214,0.1794160823572414,37.20291603127492,13.136438111010042,64.50328654288133
v2_lcc,spatial_or_boundary_mismatch_beyond_volume,24,0.07838483207579548,0.0,0.1608427920971247,1.1369428676626405,1.144706012436619,0.30221341345771446,0.8748143238105429,0.874912855833551,0.07986852635620864,0.08586818846216947,0.0,0.1770037897496467,0.7964294917347473,0.8334263826417618,0.1576804845957105,14.513850133632227,7.441882723628078,17.03335871451907
